horizon,feature,importance
30D,UPSTREAM_DISCHARGE_M3S,1784
30D,DOY_COS,1762
30D,SOIL_MOISTURE,748
30D,DISCHARGE_LAG_30D,592
30D,EC HIGHTIDE micromho/cm,539
30D,DOY_SIN,499
30D,RAINFALL_4W_SUM,465
30D,NDWI_PROXY,431
30D,TIDAL_SPRING_INDEX,223
30D,RAINFALL_MM,144
60D,DOY_SIN,1171
60D,DOY_COS,1086
60D,UPSTREAM_DISCHARGE_M3S,1001
60D,NDWI_PROXY,797
60D,DISCHARGE_LAG_30D,682
60D,EC HIGHTIDE micromho/cm,622
60D,SOIL_MOISTURE,367
60D,TIDAL_SPRING_INDEX,317
60D,RAINFALL_4W_SUM,314
60D,RAINFALL_MM,135
90D,DOY_SIN,1759
90D,UPSTREAM_DISCHARGE_M3S,1312
90D,DISCHARGE_LAG_30D,962
90D,DOY_COS,949
90D,NDWI_PROXY,622
90D,EC HIGHTIDE micromho/cm,532
90D,TIDAL_SPRING_INDEX,465
90D,SOIL_MOISTURE,411
90D,RAINFALL_4W_SUM,365
90D,RAINFALL_MM,343
